-- phpMyAdmin SQL Dump
-- version 5.2.0
-- https://www.phpmyadmin.net/
--
-- Servidor: 127.0.0.1
-- Tiempo de generación: 12-06-2025 a las 06:35:57
-- Versión del servidor: 10.4.24-MariaDB
-- Versión de PHP: 8.1.6

SET SQL_MODE = "NO_AUTO_VALUE_ON_ZERO";
START TRANSACTION;
SET time_zone = "+00:00";


/*!40101 SET @OLD_CHARACTER_SET_CLIENT=@@CHARACTER_SET_CLIENT */;
/*!40101 SET @OLD_CHARACTER_SET_RESULTS=@@CHARACTER_SET_RESULTS */;
/*!40101 SET @OLD_COLLATION_CONNECTION=@@COLLATION_CONNECTION */;
/*!40101 SET NAMES utf8mb4 */;

--
-- Base de datos: `certific_docent`
--

-- --------------------------------------------------------

--
-- Estructura de tabla para la tabla `certificados_otorgados_vra`
--

CREATE TABLE `certificados_otorgados_vra` (
  `id_cert` int(11) NOT NULL,
  `dni_usuario` varchar(20) NOT NULL,
  `id_cursos_vra` int(11) NOT NULL,
  `id_tipo` int(11) NOT NULL
) ENGINE=InnoDB DEFAULT CHARSET=utf8mb4;

-- --------------------------------------------------------

--
-- Estructura de tabla para la tabla `certificados_otorgados_vri`
--

CREATE TABLE `certificados_otorgados_vri` (
  `id_cert` int(11) NOT NULL,
  `dni_usuario` varchar(8) NOT NULL,
  `id_cursos_vri` int(11) NOT NULL,
  `id_tipo` int(11) NOT NULL,
  `codigo` varchar(20) DEFAULT NULL
) ENGINE=InnoDB DEFAULT CHARSET=utf8mb4;

--
-- Volcado de datos para la tabla `certificados_otorgados_vri`
--

INSERT INTO `certificados_otorgados_vri` (`id_cert`, `dni_usuario`, `id_cursos_vri`, `id_tipo`, `codigo`) VALUES
(1, '80026530', 1, 3, 'E334-056'),
(2, '70398213', 1, 3, 'E334-022'),
(3, '45532021', 1, 3, 'E334-004'),
(4, '80668082', 2, 3, 'E201-004'),
(5, '80607800', 3, 3, 'E274-005'),
(6, '40308192', 4, 3, 'E395-111'),
(7, '80668082', 5, 3, 'E218-035'),
(8, '40308192', 6, 3, 'E168-035'),
(9, '80607800', 6, 3, 'E168-043'),
(10, '01325355', 6, 3, 'E168-020'),
(11, '01326563', 7, 3, 'E267-179'),
(12, '01326563', 7, 3, 'E267-179'),
(13, '46431369', 7, 3, 'E267-083'),
(14, '01326563', 7, 1, 'E267-181'),
(15, '02441622', 7, 3, 'E267-074'),
(16, '40308192', 7, 3, 'E267-018'),
(17, '02441622', 8, 1, 'E51-012'),
(18, '72535241', 8, 1, 'E51-018'),
(19, '80668082', 8, 1, 'E51-013'),
(20, '72535241', 9, 3, 'E258-186'),
(21, '40859887', 9, 3, 'E258-019'),
(22, '46431369', 9, 3, 'E258-247'),
(23, '41054835', 9, 3, 'E258-053'),
(24, '80026530', 9, 3, 'E258-068'),
(25, '70398213', 10, 3, 'E229-021'),
(26, '80607800', 10, 1, 'E229-001'),
(27, '40859887', 10, 3, 'E229-088'),
(28, '70398213', 10, 1, 'E229-213'),
(29, '41268129', 10, 3, 'E229-077'),
(30, '09040547', 10, 1, 'E229-211'),
(31, '01322205', 10, 1, 'E229-216'),
(32, '42262469', 10, 3, 'E229-116'),
(33, '41268129', 10, 1, 'E229-215'),
(34, '01326563', 10, 1, 'E229-207'),
(35, '01326563', 10, 3, 'E229-204'),
(36, '42820400', 10, 1, 'E229-217'),
(37, '40308192', 10, 3, 'E229-184'),
(38, '80668082', 10, 1, 'E229-208'),
(39, '45532021', 10, 3, 'E229-173'),
(40, '45532021', 10, 1, 'E229-214'),
(41, '80668082', 10, 3, 'E229-024'),
(42, '42262469', 10, 1, 'E229-212'),
(43, '01322205', 10, 3, 'E229-152'),
(44, '80607800', 10, 3, 'E229-192'),
(45, '01326145', 10, 3, 'E229-100'),
(46, '40308192', 10, 2, 'E229-007'),
(47, '09040547', 10, 3, 'E229-102'),
(48, '42052959', 10, 1, 'E229-220'),
(49, '02441622', 10, 3, 'E229-068'),
(50, '02441622', 10, 1, 'E229-002'),
(51, '46431369', 10, 3, 'E229-055'),
(52, '40718063', 10, 3, 'E229-042'),
(53, '01320448', 10, 1, 'E229-229'),
(54, '01323028', 10, 3, 'E229-143'),
(55, '01319070', 10, 3, 'E229-025'),
(56, '01323028', 10, 1, 'E229-230'),
(57, '01325355', 10, 3, 'E229-061'),
(58, '01319070', 10, 1, 'E229-219'),
(59, '01325355', 10, 1, 'E229-209'),
(60, '01325478', 11, 3, 'E79-050'),
(61, '02441622', 12, 3, 'HTO-065'),
(62, '01326145', 12, 3, 'HTO-116'),
(63, '40859887', 12, 3, 'HTO-046'),
(64, '09040547', 12, 3, 'HTO-253'),
(65, '80026530', 12, 3, 'HTO-020'),
(66, '42262469', 12, 3, 'HTO-058'),
(67, '80668082', 12, 3, 'HTO-059'),
(68, '40270043', 12, 3, 'HTO-021'),
(69, '01326563', 12, 3, 'HTO-246'),
(70, '80668082', 13, 3, 'DSP-020'),
(71, '01326563', 14, 3, 'E266-058'),
(72, '41268129', 14, 3, 'E266-027'),
(73, '40270043', 14, 3, 'E266-050'),
(74, '45532021', 14, 3, 'E266-048'),
(75, '01326145', 14, 3, 'E266-034'),
(76, '41054835', 14, 3, 'E266-057'),
(77, '01326563', 14, 1, 'E266-088'),
(78, '42820400', 14, 3, 'E266-072'),
(79, '01323028', 14, 3, 'E266-080'),
(80, '01326563', 14, 2, 'E266-093'),
(81, '80607800', 14, 3, 'E266-051'),
(82, '80026530', 14, 3, 'E266-032'),
(83, '09040547', 14, 3, 'E266-079'),
(84, '01322205', 14, 3, 'E266-042'),
(85, '01546846', 14, 3, 'E266-029'),
(86, '02440587', 14, 3, 'E266-036'),
(87, '01320448', 14, 3, 'E266-031'),
(88, '01325478', 14, 3, 'E266-056'),
(89, '70398213', 14, 3, 'E266-005'),
(90, '42262469', 14, 3, 'E266-012'),
(91, '01325355', 14, 3, 'E266-022'),
(92, '80668082', 14, 3, 'E266-006'),
(93, '40859887', 14, 3, 'E266-030'),
(94, '46431369', 14, 3, 'E266-064'),
(95, '40308192', 14, 3, 'E266-085'),
(96, '02441622', 14, 3, 'E266-023'),
(97, '80607800', 15, 3, 'E118-235'),
(98, '80668082', 16, 3, 'E58-012'),
(99, '80607800', 17, 3, 'E107-045'),
(100, '80668082', 17, 3, 'E60-029'),
(101, '80668082', 18, 3, 'E207-006'),
(102, '02440587', 18, 3, 'E207-004'),
(103, '45532021', 19, 3, 'E47-516'),
(104, '80607800', 20, 3, 'E73-076'),
(105, '01326145', 20, 3, 'E64-015'),
(106, '41268129', 20, 3, 'E73-006'),
(107, '70398213', 20, 3, 'E73-030'),
(108, '40859887', 20, 3, 'E73-066'),
(109, '40308192', 20, 3, 'E64-023'),
(110, '45532021', 20, 3, 'E73-038'),
(111, '43201154', 20, 3, 'E73-002'),
(112, '09040547', 21, 3, 'E85-077'),
(113, '46431369', 22, 3, 'E271-011'),
(114, '70398213', 23, 3, 'E226-003'),
(115, '80668082', 23, 3, 'E226-224'),
(116, '01326145', 23, 3, 'E226-090'),
(117, '40859887', 23, 3, 'E226-070'),
(118, '80026530', 24, 3, 'E209-137'),
(119, '80668082', 24, 3, 'E209-030'),
(120, '41054835', 24, 2, 'E209-001'),
(121, '45532021', 24, 3, 'E209-259'),
(122, '42262469', 24, 3, 'E209-167'),
(123, '46431369', 24, 3, 'E209-085'),
(124, '01326145', 24, 3, 'E209-141'),
(125, '40859887', 24, 3, 'E209-126'),
(126, '80668082', 25, 3, 'E157-072'),
(127, '80668082', 26, 3, 'E156-101'),
(128, '45532021', 27, 3, 'E360-057'),
(129, '40270043', 27, 3, 'E360-059'),
(130, '80026530', 27, 3, 'E360-039'),
(131, '80607800', 28, 3, 'E131-011'),
(132, '41054835', 29, 3, 'E83-030'),
(133, '80607800', 30, 3, 'E90-194'),
(134, '80607800', 31, 3, 'E180-033'),
(135, '45532021', 32, 3, 'E136-042'),
(136, '40308192', 32, 3, 'E136-060'),
(137, '41054835', 32, 3, 'E136-055'),
(138, '70398213', 32, 3, 'E136-002'),
(139, '40308192', 33, 3, 'E384-038'),
(140, '80607800', 34, 3, 'E166-212'),
(141, '43201154', 35, 3, 'E77-216'),
(142, '40859887', 35, 3, 'E77-231'),
(143, '41054835', 35, 3, 'E77-570'),
(144, '80668082', 36, 3, 'SIC-069'),
(145, '09040547', 36, 3, 'SIC-056'),
(146, '80668082', 37, 3, 'E50-008'),
(147, '80668082', 37, 3, 'E50-007'),
(148, '40308192', 38, 1, 'E367-528'),
(149, '43201154', 38, 3, 'E367-114'),
(150, '43201154', 38, 1, 'E367-532'),
(151, '40308192', 38, 3, 'E367-478'),
(152, '70398213', 38, 1, 'E367-535'),
(153, '41268129', 38, 1, 'E367-530'),
(154, '40859887', 39, 0, 'E427-019'),
(155, '80026530', 39, 0, 'E427-031'),
(156, '02440587', 39, 0, 'E427-033'),
(157, '01326563', 40, 1, 'E176-531'),
(158, '40308192', 40, 2, 'E176-018'),
(159, '46590508', 40, 2, 'E176-025'),
(160, '42820400', 40, 3, 'E176-460'),
(161, '01320448', 40, 2, 'E176-027'),
(162, '40859887', 40, 3, 'E176-205'),
(163, '01319070', 40, 3, 'E176-041'),
(164, '70398213', 40, 1, 'E176-534'),
(165, '01320448', 40, 1, 'E176-537'),
(166, '01326145', 40, 3, 'E176-245'),
(167, '45532021', 40, 2, 'E176-022'),
(168, '45532021', 40, 3, 'E176-437'),
(169, '45532021', 40, 1, 'E176-532'),
(170, '46431369', 40, 3, 'E176-125'),
(171, '80026530', 40, 3, 'E176-237'),
(172, '80668082', 40, 1, 'E176-530'),
(173, '01322205', 40, 3, 'E176-378'),
(174, '40308192', 40, 1, 'E176-528'),
(175, '80607800', 40, 1, 'E176-527'),
(176, '02441622', 40, 2, 'E176-019'),
(177, '02441622', 40, 3, 'E176-157'),
(178, '02441622', 40, 1, 'E176-529'),
(179, '43201154', 40, 2, 'E176-028'),
(180, '43201154', 40, 3, 'E176-181'),
(181, '01326563', 40, 3, 'E176-520'),
(182, '70398213', 40, 3, 'E176-036'),
(183, '01326563', 40, 2, 'E176-021'),
(184, '43201154', 40, 1, 'E176-538'),
(185, '46590508', 40, 3, 'E176-243'),
(186, '46590508', 40, 1, 'E176-535'),
(187, '70398213', 40, 2, 'E176-024'),
(188, '80668082', 40, 2, 'E176-020'),
(189, '41268129', 40, 3, 'E176-178'),
(190, '41268129', 40, 2, 'E176-023'),
(191, '80607800', 40, 2, 'E176-017'),
(192, '80607800', 40, 3, 'E176-478'),
(193, '41268129', 40, 1, 'E176-533'),
(194, '41054835', 40, 3, 'E176-519'),
(195, '45532021', 41, 3, 'E419-375'),
(196, '01319070', 41, 3, 'E419-152'),
(197, '40270043', 41, 3, 'E419-371'),
(198, '43201154', 41, 3, 'E419-177'),
(199, '02440587', 41, 3, 'E419-193'),
(200, '40859887', 41, 3, 'E419-184'),
(201, '80026530', 41, 3, 'E419-101'),
(202, '01320448', 41, 3, 'E419-673'),
(203, '40308192', 41, 3, 'E419-137'),
(204, '01326145', 41, 3, 'E419-102'),
(205, '40308192', 42, 3, 'E182-064'),
(206, '42262469', 43, 3, 'E244-064'),
(207, '80026530', 43, 3, 'E244-103'),
(208, '41268129', 44, 1, 'E387-182'),
(209, '01326563', 44, 1, 'E387-175'),
(210, '01325355', 44, 1, 'E387-174'),
(211, '40308192', 44, 3, 'E387-006'),
(212, '01319070', 44, 1, 'E387-186'),
(213, '01323028', 44, 3, 'E387-004'),
(214, '42052959', 44, 1, 'E387-188'),
(215, '45532021', 44, 1, 'E387-181'),
(216, '43201154', 44, 1, 'E387-187'),
(217, '70398213', 44, 1, 'E387-180'),
(218, '42262469', 44, 1, 'E387-178'),
(219, '40308192', 44, 1, 'E387-176'),
(220, '01320448', 44, 1, 'E387-173'),
(221, '46150696', 44, 1, 'E387-184'),
(222, '01322205', 44, 1, 'E387-183'),
(223, '01322205', 44, 3, 'E387-005'),
(224, '02441622', 44, 1, 'E387-172'),
(225, '09040547', 44, 1, 'E387-177'),
(226, '02441622', 44, 3, 'E387-002'),
(227, '80607800', 44, 3, 'E387-171'),
(228, '80607800', 44, 1, 'E387-001'),
(229, '43201154', 44, 3, 'E387-007'),
(230, '40308192', 45, 2, 'E422-018'),
(231, '40308192', 45, 3, 'E422-106'),
(232, '41268129', 46, 3, 'E240-042'),
(233, '01546846', 46, 3, 'E240-020'),
(234, '70398213', 46, 3, 'E240-044'),
(235, '45532021', 46, 3, 'E240-012'),
(236, '01326145', 47, 3, 'E158-086'),
(237, '40308192', 47, 3, 'E158-140'),
(238, '45532021', 47, 3, 'E158-135'),
(239, '40859887', 47, 3, 'E158-079'),
(240, '01325355', 47, 3, 'E158-051'),
(241, '40308192', 48, 3, 'E243-176'),
(242, '80026530', 48, 3, 'E243-087'),
(243, '80607800', 48, 3, 'E243-184'),
(244, '80607800', 48, 3, 'E243-235'),
(245, '80026530', 49, 3, 'E91-0588'),
(246, '01326145', 50, 3, 'E104-002'),
(247, '45532021', 51, 3, 'E59-017'),
(248, '80668082', 51, 3, 'E59-003'),
(249, '80668082', 51, 3, 'E59-038'),
(250, '40270043', 51, 3, 'E59-006'),
(251, '42262469', 51, 3, 'E59-015'),
(252, '02441622', 51, 3, 'E59-007'),
(253, '80607800', 52, 3, 'E122-009'),
(254, '80668082', 53, 3, 'E228-053'),
(255, '40859887', 54, 3, 'E336-348'),
(256, '01546846', 54, 3, 'E336-347'),
(257, '40308192', 54, 3, 'E336-128'),
(258, '01326563', 54, 3, 'E336-164'),
(259, '01326145', 54, 3, 'E336-048'),
(260, '02440587', 54, 3, 'E336-062'),
(261, '01325355', 54, 3, 'E336-328'),
(262, '70398213', 54, 3, 'E336-007'),
(263, '45532021', 54, 3, 'E336-117'),
(264, '01546846', 55, 4, 'E293-045'),
(265, '45532021', 55, 4, 'E293-094'),
(266, '70398213', 55, 4, 'E293-001'),
(267, '02440587', 55, 4, 'E293-070'),
(268, '01325355', 55, 4, 'E293-030'),
(269, '01326145', 55, 4, 'E293-057'),
(270, '02441622', 55, 3, 'E293-133'),
(271, '80026530', 55, 4, 'E293-054'),
(272, '41268129', 56, 4, 'E294-043'),
(273, '01325355', 56, 4, 'E294-039'),
(274, '01326145', 56, 4, 'E294-055'),
(275, '41268129', 57, 3, 'E335-077'),
(276, '01326563', 57, 4, 'E335-049'),
(277, '01325355', 57, 4, 'E335-011'),
(278, '80026530', 57, 4, 'E335-019'),
(279, '41268129', 58, 4, 'E296-058'),
(280, '40859887', 58, 4, 'E296-070'),
(281, '01231959', 58, 4, 'E296-120'),
(282, '01325355', 58, 4, 'E296-045'),
(283, '01326563', 58, 4, 'E296-167'),
(284, '80026530', 58, 4, 'E296-082'),
(285, '70398213', 58, 4, 'E296-001'),
(286, '01546846', 58, 4, 'E296-069'),
(287, '45532021', 58, 4, 'E296-139'),
(288, '01325478', 59, 4, 'E282-128'),
(289, '01320448', 59, 4, 'E282-059'),
(290, '01325355', 59, 4, 'E282-039'),
(291, '40308192', 59, 4, 'E282-112'),
(292, '02441622', 60, 4, 'E286-101'),
(293, '41268129', 60, 4, 'E286-119'),
(294, '45532021', 60, 4, 'E286-259'),
(295, '40859887', 60, 4, 'E286-141'),
(296, '01325355', 60, 4, 'E286-093'),
(297, '01231959', 60, 4, 'E286-223'),
(298, '02440587', 60, 4, 'E286-183'),
(299, '80607800', 61, 3, 'E188-055'),
(300, '01325478', 62, 1, 'E281-072'),
(301, '01325478', 62, 3, 'E281-021'),
(302, '01326563', 63, 3, 'E362-004'),
(303, '01326563', 63, 1, 'E362-021'),
(304, '01326563', 63, 2, 'E362-025'),
(305, '40308192', 63, 2, 'E362-028'),
(306, '40308192', 63, 3, 'E362-003'),
(307, '40308192', 63, 1, 'E362-027'),
(308, '80607800', 64, 3, 'E164-080'),
(309, '40718063', 65, 5, 'E231-070'),
(310, '01325478', 65, 5, 'E231-301'),
(311, '01546846', 65, 5, 'E231-148'),
(312, '01325355', 65, 5, 'E231-005'),
(313, '40859887', 65, 5, 'E231-149'),
(314, '02440587', 65, 3, 'E231-232'),
(315, '80026530', 65, 3, 'E231-258'),
(316, '09040547', 65, 5, 'E231-194'),
(317, '80607800', 65, 5, 'E231-216'),
(318, '40308192', 65, 5, 'E231-123'),
(319, '80668082', 65, 5, 'E231-186'),
(320, '01326563', 65, 5, 'E231-218'),
(321, '01326145', 65, 5, 'E231-153'),
(322, '41268129', 65, 5, 'E231-174'),
(323, '45532021', 66, 5, 'E232-097'),
(324, '01325355', 66, 3, 'E232-019'),
(325, '01319070', 66, 5, 'E232-005'),
(326, '80668082', 66, 3, 'E232-004'),
(327, '80607800', 66, 3, 'E232-051'),
(328, '09040547', 66, 5, 'E232-027'),
(329, '80607800', 67, 3, 'E233-007'),
(330, '80668082', 68, 3, 'E56-015'),
(331, '80668082', 69, 3, 'E193-010'),
(332, '02441622', 70, 3, 'BRA-006'),
(333, '80668082', 70, 3, 'BRA-004'),
(334, '80668082', 71, 3, 'SEMT-66'),
(335, '40308192', 72, 3, 'E392-109'),
(336, '45532021', 73, 3, 'E175-125'),
(337, '41268129', 73, 3, 'E175-063'),
(338, '80607800', 73, 3, 'E175-162'),
(339, '01325478', 73, 3, 'E175-146'),
(340, '40270043', 73, 3, 'E175-132'),
(341, '40859887', 73, 3, 'E175-076'),
(342, '01231959', 74, 3, 'SIGP-106'),
(343, '01325355', 74, 3, 'SIGP-159'),
(344, '02441622', 74, 3, 'SIGP-160'),
(345, '80607800', 75, 3, 'E94-016'),
(346, '40308192', 76, 3, 'E135-169'),
(347, '80026530', 76, 3, 'E135-073'),
(348, '80668082', 76, 3, 'E135-015'),
(349, '01320448', 76, 3, 'E135-067'),
(350, '70398213', 76, 3, 'E135-008'),
(351, '01326145', 76, 3, 'E135-077'),
(352, '45532021', 76, 3, 'E135-133'),
(353, '40859887', 76, 3, 'E135-065'),
(354, '80026530', 77, 3, 'E146-226'),
(355, '01325355', 77, 3, 'E146-146'),
(356, '01326145', 77, 3, 'E146-230'),
(357, '70398213', 77, 3, 'E146-026'),
(358, '40859887', 77, 3, 'E146-206'),
(359, '45532021', 77, 3, 'E146-406'),
(360, '46590508', 77, 3, 'E146-227'),
(361, '72535241', 77, 3, 'E146-001'),
(362, '09040547', 77, 3, 'E146-234'),
(363, '72535241', 77, 1, 'E146-559'),
(364, '80668082', 77, 3, 'E146-044'),
(365, '42324040', 77, 3, 'E146-302'),
(366, '01326145', 78, 3, 'E119-029'),
(367, '80607800', 78, 3, 'E119-083'),
(368, '09040547', 79, 3, 'PIL-169'),
(369, '40859887', 79, 3, 'PIL-122'),
(370, '01326563', 79, 3, 'PIL-119'),
(371, '80026530', 79, 3, 'PIL-090'),
(372, '01326145', 79, 3, 'PIL-116'),
(373, '40270043', 79, 3, 'PIL-106'),
(374, '45532021', 80, 3, 'E137-149'),
(375, '02441622', 80, 3, 'E137-053'),
(376, '40308192', 80, 3, 'E137-192'),
(377, '80668082', 80, 3, 'E137-012'),
(378, '01326145', 80, 3, 'E137-086'),
(379, '40859887', 80, 3, 'E137-075'),
(380, '80026530', 80, 3, 'E137-085'),
(381, '01320448', 80, 3, 'E137-078'),
(382, '70398213', 80, 3, 'E137-008'),
(383, '42262469', 81, 3, 'E252-436'),
(384, '09040547', 81, 3, 'E252-395'),
(385, '01326563', 81, 3, 'E252-404'),
(386, '01322205', 81, 3, 'E252-433'),
(387, '41268129', 81, 3, 'E252-401'),
(388, '02441622', 81, 3, 'E252-381'),
(389, '01320448', 81, 3, 'E252-430'),
(390, '80668082', 81, 3, 'E252-382'),
(391, '40859887', 81, 3, 'E252-370'),
(392, '41054835', 81, 3, 'E252-366'),
(393, '02440587', 81, 3, 'E252-413'),
(394, '45532021', 81, 3, 'E252-425'),
(395, '80026530', 81, 3, 'E252-384'),
(396, '01325355', 81, 3, 'E252-424'),
(397, '01325478', 81, 3, 'E252-389'),
(398, '80607800', 81, 3, 'E252-399'),
(399, '42820400', 81, 3, 'E252-393'),
(400, '01546846', 81, 3, 'E252-380'),
(401, '01326145', 81, 3, 'E252-359'),
(402, '01323028', 81, 3, 'E252-555'),
(403, '01231959', 81, 3, 'E252-693'),
(404, '40270043', 81, 3, 'E252-406'),
(405, '70398213', 81, 3, 'E252-417'),
(406, '40308192', 81, 3, 'E252-391'),
(407, '42262469', 82, 2, 'E239-124');

-- --------------------------------------------------------

--
-- Estructura de tabla para la tabla `cursos_vra`
--

CREATE TABLE `cursos_vra` (
  `id` int(11) NOT NULL,
  `nombre` varchar(255) NOT NULL
) ENGINE=InnoDB DEFAULT CHARSET=utf8mb4;

-- --------------------------------------------------------

--
-- Estructura de tabla para la tabla `cursos_vri`
--

CREATE TABLE `cursos_vri` (
  `id` int(11) NOT NULL,
  `nombre` varchar(255) NOT NULL
) ENGINE=InnoDB DEFAULT CHARSET=utf8mb4;

--
-- Volcado de datos para la tabla `cursos_vri`
--

INSERT INTO `cursos_vri` (`id`, `nombre`) VALUES
(1, '2DO BOOTCAMP CREE CREA CRECE 2022'),
(2, 'ASISTENCIA TECNICA PARA LA IDENTIFICACION, CATEGORIZACION, PRIORIZACION Y EVALUACION DE LINEAS DE INVESTIGACION EN LA UNA-PUNO'),
(3, 'CAPACITACION EN MANEJO Y USO DE LIBRO E-BOOK ESSENTIAL PHYSICS Y SOFTWARE YENKA PARA DOCENTES DEL PROGRAMA DE ESTUDIOS DE FISICA'),
(4, 'CAPACITACION PARA LA FORMALIZACION DE SEMILLEROS Y GRUPOS DE INVESTIGACION'),
(5, 'CAPACITACION SOBRE HERRAMIENTAS DIGITALES EN INVESTIGACION'),
(6, 'CIENCIA, TECNOLOGIA, INNOVACION, EMPRENDIMIENTO I+D+I+E'),
(7, 'COMO ELABORAR MI TESIS, PASOS BASICOS'),
(8, 'CONFERENCIA : \"\"RESULTADOS DEL 1ER ANO DE OPERACION DEL SATELITE PERUSAT-1\"\"'),
(9, 'CONFERENCIA ETICA DE LA FUNCION PUBLICA'),
(10, 'CONGRESO PERUANO ARGENTINO BOLIVIANO DE INGENIERIA DE SISTEMAS E INFORMATICA'),
(11, 'CURSO : CAPACITACION Y MODIFICACION DEL REGLAMENTO DE LA PLATAFORMA DE LA PLATAFORMA PILAR Y SU DIFUSION'),
(12, 'CURSO DE CAPACITACION EN HERRAMIENTAS OFIMATICAS PARA LA PLATAFORMA DE INVESTIGACION'),
(13, 'CURSO DE CAPACITACION Y ESPECIALIZACION EN DSPACE'),
(14, 'CURSO DE CAPACITACION: REGLAMENTO Y USO DE TURNITIN PARA DOCENTES'),
(15, 'CURSO DE INVESTIGACION CIENTIFICA'),
(16, 'CURSO DE PROGRAMACION EN PYTHON APLICADO AL ANALISIS DE DATOS EN CIENCIA E INGENIERIA'),
(17, 'CURSO DE: SISTEMA DE INFORMACION GEOGRAFICA - ARCGIS'),
(18, 'CURSO SISTEMA ANTIPLAGIO URKUND BY OURIGINAL'),
(19, 'CURSO TALLER : ENGLISH PRONUNTIATION'),
(20, 'CURSO TALLER : REGISTRO Y OBTENCION DEL CODIGO ORCID PARA INVESTIGADORES'),
(21, 'CURSO TALLER DE CAPACITACION EN REDACCION Y PUBLICACION DE ARTICULOS CIENTIFICOS'),
(22, 'CURSO TALLER DE VALIDEZ Y CONFIABILIDAD DE INSTRUMENTOS PARA LA INVESTIGACION CIENTIFICA'),
(23, 'CURSO VIRTUAL LATEX- NIVEL BASICO'),
(24, 'CURSO VIRTUAL: APRENDIENDO A EMPRENDER'),
(25, 'CURSO VIRTUAL: HERRAMIENTAS ON LINE PARA EL APRENDIZAJE SINCRONICO'),
(26, 'CURSO VIRTUAL: LA ENSENANZA VIRTUAL EN LA EDUCACION UNIVERSITARIA'),
(27, 'DESARROLLO DE CAPACIDADES EMPRENDEDORAS'),
(28, 'DISCUSIONES EPISTEMOLOGICAS DE CONSTRUCCION DISCIPLINARIA'),
(29, 'FORTALECIMIENTO DE CAPACIDADES EN EMPRENDIMIENTO EMPRESARIAL DEL VICERRECTORADO DE INVESTIGACION'),
(30, 'FOTOGRAMETRIA DIGITAL APLICANDO LOS UAV-DRONES EBEE X SENSEFLY'),
(31, 'GESTION DE REFERENCIAS CON MENDELEY Y LA UTILIZACION DEL SOFTWARE URKUND'),
(32, 'HERRAMIENTAS LIBRES Y GRATUITAS PARA CLASES VIRTUALES EN TIEMPO REAL'),
(33, 'I - CONGRESO DE INICIACION CIENTIFICA'),
(34, 'I - CURSO DE ACTUALIZACION EN MATEMATICA Y FISICA (VIRTUAL)'),
(35, 'I - JORNADA EMPRENDE UNA 2018: OPORTUNIDADES Y RETOS PARA UN EMPRENDEDOR'),
(36, 'I - SEMINARIO TALLER DE INICIACION EN INVESTIGACION EN INFORMATICA Y CIENCIAS DE LA COMPUTACION'),
(37, 'I CONGRESO INTERNACIONAL DE INVESTIGACION EN CIENCIAS DE LA COMPUTACION Y DATA SCIENCE'),
(38, 'I CONGRESO INTERNACIONAL DE INVESTIGACION EN HOMENAJE AL DR. JULIO MAYTA QUISPE'),
(39, 'I CONGRESO INTERNACIONAL EN INGLES: “SUPERANDO BARRERAS”'),
(40, 'I CONGRESO INTERNACIONAL PERUANO - ARGENTINO DE INGENIERIA DE SISTEMAS E INFORMATICA - COPAISI 2020'),
(41, 'II CONGRESO INTERNACIONAL DE INVESTIGACION” EN HOMENAJE AL DR. ERNESTO JAVIER CHURA YUPANQUI'),
(42, 'II CURSO DE ACTUALIZACION EN MATEMATICA Y FISICA: \"\"USO DEL MATLAB Y GEOGEBRA\"\"'),
(43, 'II FERIA DE TRANSFERENCIA TECNOLOGICA EN MATEMATICA Y FISICA 2021'),
(44, 'III - CONGRESO INTERNACIONAL DE INGENIERIA DE SISTEMAS'),
(45, 'III ENCUENTRO DE EGRESADOS Y GRADUADOS DEL PROGRAMA DE ESTUDIO DE CIENCIAS FISICO MATEMATICAS: MATEMATICAS DE LA UNIVERSIDAD NACIONAL DEL ALTIPLANO -PUNO: “NETWORKING PARA PROFESIONALES DE MATEMATICAS”'),
(46, 'INC21: DIDACTICA PARA EL EMPRENDIEMIENTO E INNOVACION UNIVERSITARIA'),
(47, 'INDUCCION AL EMPRENDIMIENTO: APRENDE A EMPRENDER'),
(48, 'INTRODUCCION A LA PROGRAMACION MATEMATICA Y PROGRAMACION DIFUSA'),
(49, 'IV FORO INTERNACIONAL INTERUNIVERSITARIO: GESTION INTEGRAL DEL RIESGO DE DESASTRES (GIRD) Y PREVISION CLIMATICA (PC)'),
(50, 'LA PROPIEDAD INTELECTUAL COMO HERRAMIENTA CLAVE PARA LA INNOVACION'),
(51, 'LAS FIRMAS DIGITALES EN EL PERU: ASPECTOS TECNICOS Y LEGALES'),
(52, 'MACHINE LEARNING CON PYTHON APLICADO AL PRONOSTICO DE INDICADORES AMBIENTALES'),
(53, 'MECANISMOS DE RETRIBUCION POR SERVICIOS ECOSISTEMICOS PARA EMPRESAS DE AGUA Y SANEAMIENTO DE LA REGION PUNO'),
(54, 'METODOLOGIAS DIDACTICAS PARA LA INNOVACION EDUCATIVA'),
(55, 'MINEDU22 - CURSO: CAPACITACION PARA EL FORTALECIMIENTO Y DESARROLLO DE COMPETENCIAS DE LOS DOCENTES EN BIBLIOMETRIA Y EVALUACION CIENTIFICA'),
(56, 'MINEDU22 - CURSO: CAPACITACION PARA EL FORTALECIMIENTO Y DESARROLLO DE COMPETENCIAS DE LOS DOCENTES EN BIBLIOMETRIA Y VISIBILIZACION CIENTIFICA'),
(57, 'MINEDU22 - CURSO: FORTALECIMIENTO Y DESARROLLO DE COMPETENCIAS DE LOS DOCENTES EN DISENO METODOLOGICO DE LA INVESTIGACION DE LA U'),
(58, 'MINEDU22 - CURSO: FORTALECIMIENTO Y DESARROLLO DE COMPETENCIAS DE LOS DOCENTES EN DISENO TEORICO DE LA INVESTIGACION (LOGICA DE LA INVESTIGACION)'),
(59, 'MINEDU22 - CURSO: FORTALECIMIENTO Y DESARROLLO DE COMPETENCIAS DE LOS DOCENTES INVESTIGADORES EN REDACCION Y PUBLICACION DE ARTICULOS'),
(60, 'MINEDU22 - CURSO:CAPACITACION PARA EL FORTALECIMIENTO Y DESARROLLO DE COMPETENCIAS DE LOS DOCENTES EN REDACCION CIENTIFICA Y MANEJO DE CITADO DE FUENTES'),
(61, 'MS PROJECT - ADMINISTRACION DE PROYECTOS \"\"GRUPO A\"\"'),
(62, 'PRESENTACION DEL PORTAL DE LA REVISTA SEMESTRE ECONOMICO (RSE) Y CONFERENCIA MAGISTRAL SOBRE LA ACTUALIDAD ECONOMICA.'),
(63, 'PROCEDIMIENTOS Y DISPOSICIONES PARA LA ELABORACION, APROBACION, EJECUCION, SUPERVISION Y EVALUACION DE LOS PROYECTOS E INFORMES DE INVESTIGACION EN LA FIMEES'),
(64, 'PROCESO DE INVESTIGACION CIENTIFICA EN EL MARCO DE LA PLATAFORMA DE INVESTIGACION UNIVERSITARIA INTEGRADA A LA LABOR ACADEMICA CON RESPONSABILIDAD (PILAR)'),
(65, 'PROGRAMA DE FORMACION CONTINUA: \"\"EXCELLENCE IN RESEARCH\"\" - PARTE I'),
(66, 'PROGRAMA DE FORMACION CONTINUA: \"\"EXCELLENCE IN RESEARCH\"\" - PARTE II'),
(67, 'PROGRAMACION COMPETITIVA, ¿QUE ES? Y ¿QUE VENTAJAS TIENE?'),
(68, 'PROGRAMACION Y SIMULACION EN MATLAB Y SOFTWARE-R APLICADO A CASOS PRACTICOS EN CIENCIA E INGENIERIA'),
(69, 'PROYECTOS DE INNOVACION PARA PREVENIR EL CONTAGIO DEL COVID-19 (CORONAVIRUS) EN LA UNIVERSIDAD NACIONAL DEL ALTIPLANO DE PUNO'),
(70, 'REDACCION CIENTIFICA EN PORTUGUES'),
(71, 'SEMINARIO DE CAPACITACION SOFTWARE MATEMATICO'),
(72, 'SEMINARIO INTERNACIONAL VINCULOS TRANSFORMADORES: ACADEMIA, INDUSTRIA Y SOCIEDAD'),
(73, 'SEMINARIO INTERNACIONAL: GESTION DE LA INVESTIGACION, DESARROLLO E INNOVACION'),
(74, 'SIGMA PLOT - PAQUETE ESTADISTICO DE ANALISIS, GRAFICO Y VISUALIZACION: USO, MANEJO Y APLICACIONES'),
(75, 'TALLER DE CAPACITACION SOBRE USO DE SOFTWARE LEGAL CASE'),
(76, 'TECNOLOGIAS DE COMUNICACION Y PLATAFORMAS TECNOLOGICAS PARA EL DICTADO DE CLASES VIRTUALES – ONLINE'),
(77, 'TRANSPARENCIA Y ACCESO A LA INFORMACION'),
(78, 'URKUND: SOFTWARE DE DETECCION DE SIMILITUD Y PREVENCION DEL PLAGIO'),
(79, 'USO ADECUADO DE LA PLATAFORMA DE INVESTIGACION PILAR'),
(80, 'USO DE HERRAMIENTAS VIRTUALES EN SESIONES DE CLASE APLICADO AL BUEN DESEMPENO DEL DOCENTE UNIVERSITARIO'),
(81, 'USO DEL SOFTWARE DE PREVENCION Y DETECCION DE SIMILITUD TURNITIN'),
(82, 'WEBINAR CIENTIFICO: “ELABORACION, REDACCION Y PUBLICACION DE ARTICULOS CIENTIFICOS EN CIENCIAS NATURALES Y FORMALES”');

-- --------------------------------------------------------

--
-- Estructura de tabla para la tabla `tipo`
--

CREATE TABLE `tipo` (
  `id_tip` int(11) NOT NULL,
  `nombre` varchar(100) NOT NULL
) ENGINE=InnoDB DEFAULT CHARSET=utf8mb4;

--
-- Volcado de datos para la tabla `tipo`
--

INSERT INTO `tipo` (`id_tip`, `nombre`) VALUES
(1, 'ORGANIZADOR'),
(2, 'PONENTE'),
(3, 'ASISTENTE'),
(4, 'APROBADO'),
(5, 'ASISTENTE Y APROBADO');

-- --------------------------------------------------------

--
-- Estructura de tabla para la tabla `usuario`
--

CREATE TABLE `usuario` (
  `id` int(11) NOT NULL,
  `dni` varchar(20) NOT NULL,
  `nombres` varchar(100) NOT NULL,
  `ap_paterno` varchar(100) NOT NULL,
  `ap_materno` varchar(100) NOT NULL
) ENGINE=InnoDB DEFAULT CHARSET=utf8mb4;

--
-- Volcado de datos para la tabla `usuario`
--

INSERT INTO `usuario` (`id`, `dni`, `nombres`, `ap_paterno`, `ap_materno`) VALUES
(1, '01320448', 'EDGAR', 'HONGUIN', 'HOLGUIN '),
(2, '02441622', 'ELMER', 'COYLA', 'IDME  '),
(3, '01323028', 'ANGEL MANUEL', 'OLAZABAL', ' GUERRA'),
(4, '01325355', 'HENRY IVAN', 'CONDORI', 'ALEJO'),
(5, '01546846', 'HUGO YOSEF', 'GOMEZ', 'QUISPE'),
(6, '01325478', 'OLIVER AMADEO', 'VILCA', 'HUAYTA'),
(7, '01231959', 'ROBERT ANTONIO', 'ROMERO', 'FLORES'),
(8, '01326563', 'MILDER', 'ZANABRIA', 'ORTEGA'),
(9, '01326145', 'MARGA ISABEL', 'INGALUQUE', 'ARAPA'),
(10, '41054835', 'ALDO HERNAN', 'ZANABRIA', 'GALVEZ'),
(11, '80668082', 'ELVIS AUGUSTO', 'ALIAGA', 'PAYEHUANCA'),
(12, '40308192', 'GUINA GUADALUPE', 'SOTOMAYOR', 'ALZAMORA'),
(13, '42262469', 'EDWIN FREDY', 'CALDERON', 'VILCA'),
(14, '09040547', 'ADOLFO CARLOS', 'JIMENEZ', 'CHURA'),
(15, '01322205', 'PEDRO FEDER', 'PONCE', 'CORDERO'),
(16, '80607800', 'FIDEL ERNESTO', 'TICONA', 'YANQUI'),
(17, '70398213', 'MIGUEL ROMILIO', 'ACEITUNO', 'ROJO'),
(18, '45532021', 'DONIA ALIZANDRA', 'RUELAS', 'ACERO'),
(19, '42820400', 'WILDO', 'SUCASAIRE', 'MONROY'),
(20, '40270043', 'PABLO CESAR', 'TAPIA', 'CATACORA'),
(21, '41268129', 'MAYENKA', 'FERNANDEZ', 'CHAMBI'),
(22, '40859887', 'MAGALI GIANINA', 'GONZALES', 'PACO'),
(23, '02440587', 'ZULEMA LILIAN', 'MAMANI', 'HUACANI'),
(24, '80026530', 'LENIN', 'HUAYTA', 'FLORES'),
(25, '43201154', 'ALODIA', 'FLORES', 'ARNAO'),
(26, '01319070 ', 'UBALGOAT', 'ALLCA', 'MAMANI'),
(27, '42052959', 'VICTOR HUGO', 'BEJAR GONZALES', ' VICTOR HUGO BÉJAR GONZALES'),
(28, '40718063', 'ROSARIO', 'BUSTAMANTE', 'ROJAS'),
(29, '01323080', 'FREDY APARICIO', 'CASTILLO', 'SUAQUITA'),
(30, '41733422', 'JOSE LUIS', 'JUAREZ', 'RUELAS'),
(31, '46590508', 'ROGGER', 'HUMPIRI', 'FLORES'),
(32, '42324040', 'EDGAR EDWIN', 'MESTAR', 'YUCRA'),
(33, '70146904 ', 'MARCO ANTONIO', 'CHUCUYA', 'TIJUTANI'),
(34, '46431369', 'MARCOS DENYS', 'CHOQUE', 'CASTRO'),
(35, '46150696', 'DAVID', 'PAXI', 'APAZA'),
(36, '72535241', 'PERCY', 'QUISPE', 'ÑACA'),
(37, '01319466', 'ALFREDO', 'TICONA', 'HUMPIRI');

--
-- Índices para tablas volcadas
--

--
-- Indices de la tabla `certificados_otorgados_vra`
--
ALTER TABLE `certificados_otorgados_vra`
  ADD PRIMARY KEY (`id_cert`),
  ADD KEY `dni_usuario` (`dni_usuario`),
  ADD KEY `id_cursos_vra` (`id_cursos_vra`),
  ADD KEY `id_tipo` (`id_tipo`);

--
-- Indices de la tabla `certificados_otorgados_vri`
--
ALTER TABLE `certificados_otorgados_vri`
  ADD PRIMARY KEY (`id_cert`);

--
-- Indices de la tabla `cursos_vra`
--
ALTER TABLE `cursos_vra`
  ADD PRIMARY KEY (`id`);

--
-- Indices de la tabla `cursos_vri`
--
ALTER TABLE `cursos_vri`
  ADD PRIMARY KEY (`id`);

--
-- Indices de la tabla `tipo`
--
ALTER TABLE `tipo`
  ADD PRIMARY KEY (`id_tip`);

--
-- Indices de la tabla `usuario`
--
ALTER TABLE `usuario`
  ADD PRIMARY KEY (`id`),
  ADD UNIQUE KEY `dni` (`dni`);

--
-- AUTO_INCREMENT de las tablas volcadas
--

--
-- AUTO_INCREMENT de la tabla `certificados_otorgados_vra`
--
ALTER TABLE `certificados_otorgados_vra`
  MODIFY `id_cert` int(11) NOT NULL AUTO_INCREMENT;

--
-- AUTO_INCREMENT de la tabla `certificados_otorgados_vri`
--
ALTER TABLE `certificados_otorgados_vri`
  MODIFY `id_cert` int(11) NOT NULL AUTO_INCREMENT, AUTO_INCREMENT=408;

--
-- AUTO_INCREMENT de la tabla `cursos_vra`
--
ALTER TABLE `cursos_vra`
  MODIFY `id` int(11) NOT NULL AUTO_INCREMENT;

--
-- AUTO_INCREMENT de la tabla `cursos_vri`
--
ALTER TABLE `cursos_vri`
  MODIFY `id` int(11) NOT NULL AUTO_INCREMENT, AUTO_INCREMENT=83;

--
-- AUTO_INCREMENT de la tabla `tipo`
--
ALTER TABLE `tipo`
  MODIFY `id_tip` int(11) NOT NULL AUTO_INCREMENT, AUTO_INCREMENT=6;

--
-- AUTO_INCREMENT de la tabla `usuario`
--
ALTER TABLE `usuario`
  MODIFY `id` int(11) NOT NULL AUTO_INCREMENT, AUTO_INCREMENT=38;

--
-- Restricciones para tablas volcadas
--

--
-- Filtros para la tabla `certificados_otorgados_vra`
--
ALTER TABLE `certificados_otorgados_vra`
  ADD CONSTRAINT `certificados_otorgados_vra_ibfk_1` FOREIGN KEY (`dni_usuario`) REFERENCES `usuario` (`dni`),
  ADD CONSTRAINT `certificados_otorgados_vra_ibfk_2` FOREIGN KEY (`id_cursos_vra`) REFERENCES `cursos_vra` (`id`),
  ADD CONSTRAINT `certificados_otorgados_vra_ibfk_3` FOREIGN KEY (`id_tipo`) REFERENCES `tipo` (`id_tip`);
COMMIT;

/*!40101 SET CHARACTER_SET_CLIENT=@OLD_CHARACTER_SET_CLIENT */;
/*!40101 SET CHARACTER_SET_RESULTS=@OLD_CHARACTER_SET_RESULTS */;
/*!40101 SET COLLATION_CONNECTION=@OLD_COLLATION_CONNECTION */;
